x,y
-0.951,-0.242
-0.847,-0.415
-0.795,-0.701
-0.779,-0.7
-0.762,-0.592
-0.58,-0.889
-0.553,-0.986
-0.52,-1.133
-0.497,-1.223
-0.416,-0.953
-0.319,-0.848
-0.273,-0.652
-0.101,-0.21
-0.085,-0.315
0.005,-0.007
0.024,0.073
0.027,0.093
0.096,0.349
0.113,0.496
0.115,0.401
0.155,0.503
0.173,0.487
0.202,0.512
0.228,0.578
0.359,0.832
0.37,0.926
0.408,1.064
0.422,0.878
0.461,0.884
0.502,1.03
0.536,1.26
0.567,0.851
0.61,0.818
0.63,0.882
0.634,0.871
0.72,0.695
0.753,0.737
0.859,0.316
0.96,-0.081
0.999,0.031
